f,r,o,m,_,r,e,f,",",f,r,o,m,_,p,o,s,",",f,r,o,m,_,s,i,d,e,",",f,r,o,m,_,s,t,r,a,n,d,",",t,o,_,r,e,f,",",t,o,_,p,o,s,",",t,o,_,s,i,d,e,",",t,o,_,s,t,r,a,n,d,",",i,f,_,r,e,v,e,r,s,e,",",r,e,a,d,_,s,e,q,",",r,e,f,_,s,e,q,",",s,i,m,i,l,a,r,i,t,y,",",f,r,o,m,_,s,p,l,i,t,_,r,e,a,d,s,",",t,o,_,s,p,l,i,t,_,r,e,a,d,s,",",c,r,o,s,s,_,s,p,l,i,t,_,r,e,a,d,s,",",p,a,i,r,_,e,n,d
ERR912202,MGYG000004796_307,2323,head,+,MGYG000004796_517,1774,head,-,True,AATTATAATAAATAACTTTATTAAATAACTT,ATTATAATAAATAACTTTATTAAATAACTTT,1.935,10,10,10,23
ERR912202,MGYG000003682_46,13549,head,+,MGYG000003682_32,26968,tail,+,False,TTGCCCAGATCCGCCCGCGCCACCAGCCGCTCATC,GTGCCCAGATCCGCCCGCGCCACCAGCCGCTCATC,1.943,3,3,3,16
ERR912202,MGYG000004235_150,4858,head,+,MGYG000004235_139,26,tail,+,False,GGATGAAAATGTGGTTGACTATAATATAGGAGGAGTAT,CGGATGAAAATGTGGTTGACTATAATATAGGAGGAGTA,1.947,23,6,6,15
ERR912202,MGYG000003794_25,239,head,+,MGYG000003794_74,12947,head,-,True,CGTATGCCGCACCCAAAAAAGATAAGGTTGTAATACCTTATC,GCACCCAAAAAAGATAAGGTTGTAATACCTTATCTACACGAC,1.619,1,1,1,0
ERR912202,MGYG000004296_45,20020,head,+,MGYG000004296_98,1740,tail,+,False,TGGCGCGGAAAAATTATCCTGACACAAGTGAT,TAGCGCGGAAAAATTATCCTGACACAAGTGAT,1.875,2,2,2,4
ERR912202,MGYG000003794_77,12548,head,+,MGYG000003794_168,136,tail,+,False,TAGATAAGCGGGTTAAGTCAATGTTTCAATTCAGAAACATATTGCT,TAGATAAGCGGGTTAAGTCAATGTTTCAATTCAGAAACATATTGCT,2.0,2,2,2,6
ERR912202,MGYG000003794_140,4280,head,+,MGYG000003794_85,11525,head,-,True,AATACAAAAAAAATACGCTATAATGCAAAA,AATACAAAAAAAATACGCTATAATGCAAAA,2.0,2,2,2,11
ERR912202,MGYG000003794_120,6232,head,+,MGYG000003794_172,1826,head,-,True,ACCTATATCTATGGTATTGGTCGAAGTAGTTCAGCAAAGATATTGGATAAGGCA,GGTCGAAGTAGTTCAGCAAAGATATTGGATAAGGCAGGCGTCGACCGTGATTTG,1.333,1,1,1,13
ERR912202,MGYG000003937_197,2840,head,+,MGYG000003937_190,2108,head,-,True,GGCTTTTTGTATATTCAGATATTATTCCACATTCAAAATCGTTCCGCCGC,TCAGAGATTATTCCACATTCAAAATCGTTCCGCCGCCGATTACGCTTTCG,1.34,0,2,0,28
ERR912202,MGYG000004271_32,3357,tail,-,MGYG000004271_2,19945,tail,+,True,TCCCTGCAGTAAGATGAAAATTATGACAATCGTAAATATTTATTC,TCCTTGCAGCAAGATGAAAATTATGACAATCATAAATATTTATTC,1.667,2,2,2,3
