# the number of reads in the sample is: 99; Insert size is 681.
from_ref,from_pos,from_side,from_strand,to_ref,to_pos,to_side,to_strand,if_reverse,read_seq,ref_seq,similarity,from_split_reads,to_split_reads,cross_split_reads,pair_end
MGYG000004796_307,2323,head,+,MGYG000004796_517,1774,head,-,True,AATTATAATAAATAACTTTATTAAATAACTT,ATTATAATAAATAACTTTATTAAATAACTTT,1.935,10,10,10,23
MGYG000003682_46,13549,head,+,MGYG000003682_32,26968,tail,+,False,TTGCCCAGATCCGCCCGCGCCACCAGCCGCTCATC,GTGCCCAGATCCGCCCGCGCCACCAGCCGCTCATC,1.943,3,3,3,16
MGYG000004235_150,4858,head,+,MGYG000002549_18,26,tail,+,False,GGATGAAAATGTGGTTGACTATAATATAGGAGGAGTAT,CGGATGAAAATGTGGTTGACTATAATATAGGAGGAGTA,1.947,23,6,6,15
MGYG000003794_25,239,head,+,MGYG000003794_74,12947,head,-,True,CGTATGCCGCACCCAAAAAAGATAAGGTTGTAATACCTTATC,GCACCCAAAAAAGATAAGGTTGTAATACCTTATCTACACGAC,1.619,1,1,1,0
MGYG000004296_45,20020,head,+,MGYG000004296_98,1740,tail,+,False,TGGCGCGGAAAAATTATCCTGACACAAGTGAT,TAGCGCGGAAAAATTATCCTGACACAAGTGAT,1.875,2,2,2,4
MGYG000003794_77,12548,head,+,MGYG000004796_307,136,tail,+,False,TAGATAAGCGGGTTAAGTCAATGTTTCAATTCAGAAACATATTGCT,TAGATAAGCGGGTTAAGTCAATGTTTCAATTCAGAAACATATTGCT,2.0,2,2,2,6
MGYG000003794_140,4280,head,+,MGYG000003794_85,11525,head,-,True,AATACAAAAAAAATACGCTATAATGCAAAA,AATACAAAAAAAATACGCTATAATGCAAAA,2.0,2,2,2,11
MGYG000003794_120,6232,head,+,MGYG000003794_172,1826,head,-,True,ACCTATATCTATGGTATTGGTCGAAGTAGTTCAGCAAAGATATTGGATAAGGCA,GGTCGAAGTAGTTCAGCAAAGATATTGGATAAGGCAGGCGTCGACCGTGATTTG,1.333,1,1,1,13
MGYG000003937_197,2840,head,+,MGYG000003794_85,2108,head,-,True,GGCTTTTTGTATATTCAGATATTATTCCACATTCAAAATCGTTCCGCCGC,TCAGAGATTATTCCACATTCAAAATCGTTCCGCCGCCGATTACGCTTTCG,1.34,0,2,0,28
MGYG000004271_32,3357,tail,-,MGYG000004271_2,19945,tail,+,True,TCCCTGCAGTAAGATGAAAATTATGACAATCGTAAATATTTATTC,TCCTTGCAGCAAGATGAAAATTATGACAATCATAAATATTTATTC,1.667,2,2,2,3
